{
    "top": {
        "mean": [
            119.37738246383508,
            137.65477007348412,
            142.07996931748207
        ],
        "std": [
            20.65839265652519,
            20.610036174669794,
            21.361528902307228
        ]
    }
}